timestamp,model,reward,vpr,vpr_pct,regret,regret_ratio,regret_ratio_pct,seed,env_type,reward_base,reward_shaping,reward_norm,reward_base_pct,reward_norm_pct,reward_base_contrib,reward_mastery,reward_motivation,reward_base_contrib_pct,reward_mastery_pct,reward_motivation_pct,hybrid_base_share_pct,hybrid_mastery_share_pct,hybrid_motivation_share_pct,mask_violations,mask_violation_rate,term_improve,term_deficit,term_spacing,term_diversity,term_challenge,speed_threshold_norm,speed_steps_to_threshold_mean,speed_steps_to_threshold_median,speed_success_rate,ep_return_mean,ep_return_std,ep_return_mean_norm_across_models,variant,scalability_reward_ratio,scalability_ep_return_ratio,adaptability_reward_ratio,adaptability_ep_return_ratio,speed_steps_to_threshold_mean_agg,speed_success_rate_agg,scalability_ep_return_ratio_agg,adaptability_ep_return_ratio_agg,scalability_reward_ratio_agg,adaptability_reward_ratio_agg,axis_accuracy,axis_consistency,axis_speed,axis_scalability,axis_adaptability,model_base,reward_correct_w,reward_score_w,hybrid_base_w,hybrid_mastery_w,hybrid_motivation_w,rew_improve_w,rew_deficit_w,rew_spacing_w,rew_diversity_w,rew_challenge_w,ema_alpha,need_threshold,spacing_window,diversity_recent_k,challenge_target,challenge_band,invalid_penalty,student_fraction
2025-09-03T14:34:29.835872+00:00,Chance,0.8563772357359645,1.0,100.0,0.4326036310193722,0.3337224974304753,33.372249743047526,123,interactive,0.6668912037037057,0.18948603203226627,0.42818861786798224,66.68912037037057,42.81886178679822,0.6668912037037057,0.1274617264767068,0.062024305555554424,66.68912037037057,12.746172647670681,6.202430555555442,77.87353234939532,14.883829363722722,7.242638286881949,0.0,0.0,0.16439779431825827,0.05692142418661738,0.5,0.5,0.24682870370370397,0.7,11.9625,11.5,0.26666666666666666,20.55305365766318,5.371673767723196,,,,,,,,,,,,,,,,,,CHANCE,0.0,1.0,1.0,1.0,1.0,0.35,0.35,0.1,0.05,0.15,0.3,0.6,16,10,0.7,0.4,-0.1,1.0
2025-09-03T14:34:29.835872+00:00,TrivialSame,-0.10000000000001322,0.0,0.0,1.3104241649827262,1.1086846782691948,110.86846782691948,123,interactive,0.0,0.0,nan,0.0,,0.0,0.0,0.0,0.0,0.0,0.0,,,,7200.0,1.0,0.0,0.0,0.0,0.0,0.0,0.7,nan,nan,0.0,-2.4000000000000012,4.440892098500626e-16,,,,,,,,,,,,,,,,,,TRIVIALSAME,0.0,1.0,1.0,1.0,1.0,0.35,0.35,0.1,0.05,0.15,0.3,0.6,16,10,0.7,0.4,-0.1,1.0
2025-09-03T14:34:29.835872+00:00,Markov1-Train,0.8708118834620762,1.0,100.0,0.3709783089489124,0.2991120116484125,29.911201164841252,123,interactive,0.6798356481481499,0.1909762353139312,0.4354059417310381,67.98356481481498,43.540594173103806,0.6798356481481499,0.12850140892503922,0.06247482638888769,67.98356481481498,12.850140892503923,6.247482638888769,78.06917441747983,14.75650612554317,7.1743194569770035,0.0,0.0,0.16736831559920762,0.056921424186617386,0.5,0.5,0.24983217592592666,0.7,23.93103448275862,24.0,0.19333333333333333,20.899485203089828,5.234621578426734,,,,,,,,,,,,,,,,,,MARKOV1-TRAIN,0.0,1.0,1.0,1.0,1.0,0.35,0.35,0.1,0.05,0.15,0.3,0.6,16,10,0.7,0.4,-0.1,1.0
2025-09-03T14:34:29.835872+00:00,QL__seed123__base,0.8563772357359642,1.0,100.0,0.42143664675840226,0.32627670810849324,32.627670810849324,123,interactive,0.6668912037037059,0.18948603203226624,0.4281886178679821,66.68912037037059,42.81886178679821,0.6668912037037059,0.12746172647670684,0.06202430555555442,66.68912037037059,12.746172647670683,6.202430555555441,77.87353234939533,14.883829363722722,7.242638286881946,0.0,0.0,0.16439779431825827,0.056921424186617386,0.5,0.5,0.24682870370370397,0.7,5.625,6.0,0.26666666666666666,20.55305365766318,5.371673767723196,,base,1.0172681032802222,1.0172681032802249,1.0397280331172216,1.039728033117221,,,,,,,,,,,,QL,0.0,1.0,1.0,1.0,1.0,0.35,0.35,0.1,0.05,0.15,0.3,0.6,16,10,0.7,0.4,-0.1,1.0
2025-09-03T14:34:29.835872+00:00,QL__seed123__scalesmall,0.8711652462894841,1.0,100.0,0.43048208486518647,0.32653308508734946,32.653308508734945,123,interactive,0.6801759259259267,0.19098932036356475,0.43558262314474205,68.01759259259266,43.558262314474206,0.6801759259259267,0.12717855647467308,0.06381076388888746,68.01759259259266,12.717855647467308,6.381076388888745,78.07656800164696,14.59867195303746,7.324760045315583,0.0,0.0,0.16387208946078574,0.05663807189542427,0.5,0.5,0.25873842592592655,0.7,4.745454545454545,6.0,0.18333333333333332,20.907965910947713,4.583580271246659,,scalability_small,,,,,,,,,,,,,,,,QL,0.0,1.0,1.0,1.0,1.0,0.35,0.35,0.1,0.05,0.15,0.3,0.6,16,10,0.7,0.4,-0.1,0.5
2025-09-03T14:34:29.835872+00:00,QL__seed123__adaptpre,0.8452913785137893,1.0,100.0,0.43811193400539766,0.3374985846516407,33.74985846516407,123,interactive,0.6570659722222217,0.18822540629156492,0.42264568925689466,65.70659722222217,42.26456892568947,0.6570659722222217,0.12585886983323227,0.062366536458333725,65.70659722222217,12.585886983323228,6.236653645833372,77.73248242250992,14.889406544583533,7.378111032906561,0.0,0.0,0.15981820390832863,0.05692142418661752,0.5,0.5,0.24911024305555565,0.7,6.0,6.0,0.1625,20.286993084330877,5.282198212769143,,adapt_pre,,,,,,,,,,,,,,,,QL,0.0,1.0,1.0,1.0,1.0,0.35,0.35,0.1,0.05,0.15,0.3,0.6,16,10,0.7,0.4,-0.1,1.0
2025-09-03T14:34:29.835872+00:00,QL__seed123__adaptpost,0.878873142393087,1.0,100.0,0.4117764349294045,0.3154227907791949,31.54227907791949,123,interactive,0.6852343750000003,0.19363876739308183,0.4394365711965435,68.52343750000003,43.94365711965435,0.6852343750000003,0.1297021354486406,0.06393663194444635,68.52343750000003,12.970213544864059,6.393663194444635,77.96738140548621,14.757776656534768,7.274841937979017,0.0,0.0,0.17079896280949522,0.05692142418661752,0.5,0.5,0.2595775462962914,0.7,3.15625,2.0,0.4,21.092955417434005,5.384415066192805,,adapt_post,,,,,,,,,,,,,,,,QL,0.0,1.0,1.0,1.0,1.0,0.35,0.35,0.1,0.05,0.15,0.3,0.6,16,10,0.7,0.4,-0.1,1.0
2025-09-03T14:34:29.835872+00:00,QL__seed456__base,0.8624186677238944,1.0,100.0,0.42017611253921905,0.3233739107868925,32.33739107868925,456,interactive,0.6738379629629636,0.18858070476093328,0.4312093338619472,67.38379629629637,43.12093338619472,0.6738379629629636,0.12695396864981934,0.061626736111109755,67.38379629629637,12.695396864981934,6.162673611110976,78.13350848971835,14.720688848825365,7.145802661456284,0.0,0.0,0.16294705767000722,0.05692142418661739,0.5,0.5,0.24417824074074093,0.7,21.44736842105263,22.0,0.12666666666666668,20.698048025373435,4.864278670475472,,base,0.9351403389789306,0.9351403389789511,0.97906547448374,0.9790654744837363,,,,,,,,,,,,QL,0.0,1.0,1.0,1.0,1.0,0.35,0.35,0.1,0.05,0.15,0.3,0.6,16,10,0.7,0.4,-0.1,1.0
2025-09-03T14:34:29.835872+00:00,QL__seed456__scalesmall,0.8064824852770803,1.0,100.0,0.4395545534620165,0.3504273818516692,35.042738185166925,456,interactive,0.626266203703703,0.18021628157339836,0.40324124263854016,62.626620370370304,40.32412426385402,0.626266203703703,0.11849405935116822,0.06172222222222072,62.626620370370304,11.849405935116822,6.172222222222072,77.65403652734379,14.692700897336405,7.653262575319804,0.0,0.0,0.1397409194580586,0.05595639297385454,0.5,0.5,0.24481481481481507,0.7,10.285714285714286,4.0,0.21,19.355579646650323,4.815893184678075,,scalability_small,,,,,,,,,,,,,,,,QL,0.0,1.0,1.0,1.0,1.0,0.35,0.35,0.1,0.05,0.15,0.3,0.6,16,10,0.7,0.4,-0.1,0.5
2025-09-03T14:34:29.835872+00:00,QL__seed456__adaptpre,0.8650134444700232,1.0,100.0,0.39810218476634357,0.3129960581683502,31.29960581683502,456,interactive,0.6759635416666662,0.1890499028033566,0.4325067222350116,67.59635416666661,43.250672223501155,0.6759635416666662,0.12522177780335736,0.06382812500000037,67.59635416666661,12.522177780335737,6.382812500000037,78.14485959588932,14.476281103362293,7.37885930074839,0.0,0.0,0.15799794096582828,0.05692142418661751,0.5,0.5,0.2588541666666668,0.7,21.0,22.0,0.0375,20.76032266728054,4.133619306544215,,adapt_pre,,,,,,,,,,,,,,,,QL,0.0,1.0,1.0,1.0,1.0,0.35,0.35,0.1,0.05,0.15,0.3,0.6,16,10,0.7,0.4,-0.1,1.0
2025-09-03T14:34:29.835872+00:00,QL__seed456__adaptpost,0.8469047984448576,1.0,100.0,0.4500045848680165,0.33983489771704567,33.98348977170457,456,interactive,0.6587673611111111,0.18813743733374105,0.4234523992224288,65.87673611111111,42.345239922242875,0.6587673611111111,0.12594993733374402,0.06218750000000192,65.87673611111111,12.594993733374402,6.218750000000192,77.78529089937659,14.871794039308984,7.342915061314417,0.0,0.0,0.16007839676693317,0.05692142418661751,0.5,0.5,0.24791666666666246,0.7,8.114285714285714,4.0,0.4375,20.325715162676488,4.9685524367197695,,adapt_post,,,,,,,,,,,,,,,,QL,0.0,1.0,1.0,1.0,1.0,0.35,0.35,0.1,0.05,0.15,0.3,0.6,16,10,0.7,0.4,-0.1,1.0
2025-09-03T14:34:29.835872+00:00,QL__seed789__base,0.8865286294207494,1.0,100.0,0.41648739353130826,0.32138854316463983,32.138854316463984,789,interactive,0.6948703703703724,0.191658259050374,0.44326431471037475,69.48703703703724,44.32643147103747,0.6948703703703724,0.1283084326614832,0.06334982638888774,69.48703703703724,12.830843266148321,6.334982638888774,78.38104121063748,14.473129056793098,7.145829732569431,0.0,0.0,0.16681695484618878,0.056921424186617386,0.5,0.5,0.25566550925925985,0.7,6.326530612244898,6.0,0.16333333333333333,21.27668710609781,4.130718768093174,,base,0.9293765311037786,0.9293765311037822,0.9425001581706294,0.9425001581706259,,,,,,,,,,,,QL,0.0,1.0,1.0,1.0,1.0,0.35,0.35,0.1,0.05,0.15,0.3,0.6,16,10,0.7,0.4,-0.1,1.0
2025-09-03T14:34:29.835872+00:00,QL__seed789__scalesmall,0.8239189023352433,1.0,100.0,0.4248537139161211,0.34096308687183446,34.096308687183445,789,interactive,0.6372013888888889,0.1867175134463557,0.41195945116762167,63.72013888888889,41.19594511676217,0.6372013888888889,0.12629824261301398,0.06041927083333154,63.72013888888889,12.629824261301398,6.041927083333154,77.33787719675664,15.32896529683282,7.333157506410536,0.0,0.0,0.1586889127178659,0.05930606617647064,0.5,0.5,0.23612847222222297,0.7,6.592592592592593,6.0,0.09,19.77405365604575,5.759894149565773,,scalability_small,,,,,,,,,,,,,,,,QL,0.0,1.0,1.0,1.0,1.0,0.35,0.35,0.1,0.05,0.15,0.3,0.6,16,10,0.7,0.4,-0.1,0.5
2025-09-03T14:34:29.835872+00:00,QL__seed789__adaptpre,0.9223829056201414,1.0,100.0,0.39505669617735706,0.3005001535665345,30.050015356653446,789,interactive,0.7246701388888888,0.19771276673125238,0.4611914528100707,72.46701388888887,46.119145281007064,0.7246701388888888,0.1333931052729191,0.06431966145833361,72.46701388888887,13.339310527291909,6.431966145833361,78.56500098532014,14.461792869332884,6.973206145346966,0.0,0.0,0.18134459087886282,0.05692142418661751,0.5,0.5,0.26213107638888905,0.7,6.0,6.0,0.2375,22.13718973488336,4.065404683608679,,adapt_pre,,,,,,,,,,,,,,,,QL,0.0,1.0,1.0,1.0,1.0,0.35,0.35,0.1,0.05,0.15,0.3,0.6,16,10,0.7,0.4,-0.1,1.0
2025-09-03T14:34:29.835872+00:00,QL__seed789__adaptpost,0.8693460344408679,1.0,100.0,0.4389650891395539,0.33855593311142784,33.85559331114278,789,interactive,0.6776822916666667,0.19166374277419493,0.43467301722043394,67.76822916666667,43.467301722043395,0.6776822916666667,0.12767502749642015,0.06398871527777966,67.76822916666667,12.767502749642015,6.398871527777966,77.95311243382258,14.686330004200954,7.360557561976458,0.0,0.0,0.1650072258031516,0.05692142418661751,0.5,0.5,0.25992476851851354,0.7,6.482758620689655,6.0,0.3625,20.864304826580724,4.900588283322474,,adapt_post,,,,,,,,,,,,,,,,QL,0.0,1.0,1.0,1.0,1.0,0.35,0.35,0.1,0.05,0.15,0.3,0.6,16,10,0.7,0.4,-0.1,1.0
2025-09-03T14:34:29.835872+00:00,QL__AGG,,,,,,,multi,interactive,,,,,,,,,,,,,,,,,,,,,,,,,,20.842596263044808,0.31260410178986603,0.9823073013082511,aggregate,,,,,11.132966344432509,0.18555555555555556,0.9605949911209861,0.9870978885905277,0.9605949911209771,0.9870978885905304,98.23073013082511,46.36823656061334,43.331973690613744,100.0,98.70978885905303,QL,0.0,1.0,1.0,1.0,1.0,0.35,0.35,0.1,0.05,0.15,0.3,0.6,16,10,0.7,0.4,-0.1,1.0
2025-09-03T14:34:29.835872+00:00,DQN__seed123__base,0.8488247661738609,1.0,100.0,0.43879425537992006,0.3402687084923313,34.026870849233134,123,interactive,0.6601342592592605,0.1886905069146064,0.42441238308693047,66.01342592592604,42.441238308693045,0.6601342592592605,0.12661932635904763,0.06207118055555429,66.01342592592604,12.661932635904764,6.207118055555429,77.77038153998055,14.917016020844112,7.312602439175346,0.0,0.0,0.16199093683923238,0.056921424186617386,0.5,0.5,0.24714120370370415,0.7,19.04054054054054,17.0,0.24666666666666667,20.3717943881727,5.384562415935454,,base,1.0263193075955177,1.0263193075955204,1.056514058630837,1.0565140586308372,,,,,,,,,,,,DQN,0.0,1.0,1.0,1.0,1.0,0.35,0.35,0.1,0.05,0.15,0.3,0.6,16,10,0.7,0.4,-0.1,1.0
2025-09-03T14:34:29.835872+00:00,DQN__seed123__scalesmall,0.8711652462894842,1.0,100.0,0.40513877782883484,0.31522276219700696,31.522276219700696,123,interactive,0.6801759259259267,0.19098932036356475,0.4355826231447421,68.01759259259266,43.55826231447421,0.6801759259259267,0.12717855647467308,0.06381076388888747,68.01759259259266,12.717855647467308,6.381076388888747,78.07656800164695,14.598671953037456,7.3247600453155846,0.0,0.0,0.1638720894607858,0.05663807189542427,0.5,0.5,0.25873842592592655,0.7,21.21818181818182,24.0,0.18333333333333332,20.907965910947713,4.583580271246658,,scalability_small,,,,,,,,,,,,,,,,DQN,0.0,1.0,1.0,1.0,1.0,0.35,0.35,0.1,0.05,0.15,0.3,0.6,16,10,0.7,0.4,-0.1,0.5
2025-09-03T14:34:29.835872+00:00,DQN__seed123__adaptpre,0.8318612849620199,1.0,100.0,0.4220531464216301,0.33818984296488175,33.818984296488175,123,interactive,0.6454774305555553,0.18638385440646146,0.41593064248101,64.54774305555553,41.593064248101,0.6454774305555553,0.12534544294812922,0.06103841145833378,64.54774305555553,12.534544294812921,6.103841145833378,77.59435884614187,15.068070267731276,7.337570886126851,0.0,0.0,0.15835126995089074,0.05692142418661752,0.5,0.5,0.24025607638888902,0.7,18.642857142857142,16.0,0.175,19.964670839088395,6.059348971098971,,adapt_pre,,,,,,,,,,,,,,,,DQN,0.0,1.0,1.0,1.0,1.0,0.35,0.35,0.1,0.05,0.15,0.3,0.6,16,10,0.7,0.4,-0.1,1.0
2025-09-03T14:34:29.835872+00:00,DQN__seed123__adaptpost,0.878873142393087,1.0,100.0,0.4313091804468491,0.32841580675606497,32.841580675606494,123,interactive,0.6852343750000002,0.19363876739308186,0.4394365711965435,68.52343750000001,43.94365711965435,0.6852343750000002,0.1297021354486406,0.06393663194444635,68.52343750000001,12.970213544864059,6.393663194444635,77.96738140548621,14.757776656534768,7.274841937979018,0.0,0.0,0.17079896280949516,0.05692142418661751,0.5,0.5,0.25957754629629143,0.7,15.59375,16.0,0.4,21.092955417434005,5.384415066192805,,adapt_post,,,,,,,,,,,,,,,,DQN,0.0,1.0,1.0,1.0,1.0,0.35,0.35,0.1,0.05,0.15,0.3,0.6,16,10,0.7,0.4,-0.1,1.0
2025-09-03T14:34:29.835872+00:00,DQN__seed456__base,0.8706178644661037,1.0,100.0,0.40726486256053696,0.3143367480544869,31.433674805448693,456,interactive,0.6810000000000027,0.1896178644661038,0.43530893223305184,68.10000000000028,43.530893223305185,0.6810000000000027,0.12725067696610062,0.062367187499998894,68.10000000000028,12.725067696610063,6.2367187499998895,78.22031086136961,14.616134375342257,7.163554763288134,0.0,0.0,0.16379479571652528,0.056921424186617386,0.5,0.5,0.24911458333333378,0.7,17.366666666666667,19.0,0.1,20.89482874718641,4.692346669626232,,base,0.9263334904937268,0.9263334904937494,0.9758204129873397,0.9758204129873371,,,,,,,,,,,,DQN,0.0,1.0,1.0,1.0,1.0,0.35,0.35,0.1,0.05,0.15,0.3,0.6,16,10,0.7,0.4,-0.1,1.0
2025-09-03T14:34:29.835872+00:00,DQN__seed456__scalesmall,0.8064824852770802,1.0,100.0,0.4294676925891935,0.3395095717768681,33.95095717768681,456,interactive,0.626266203703703,0.18021628157339828,0.40324124263854016,62.626620370370304,40.32412426385402,0.626266203703703,0.11849405935116823,0.06172222222222072,62.626620370370304,11.849405935116824,6.172222222222072,77.65403652734379,14.692700897336405,7.653262575319804,0.0,0.0,0.13974091945805864,0.05595639297385455,0.5,0.5,0.24481481481481515,0.7,17.80952380952381,17.0,0.21,19.355579646650323,4.8158931846780755,,scalability_small,,,,,,,,,,,,,,,,DQN,0.0,1.0,1.0,1.0,1.0,0.35,0.35,0.1,0.05,0.15,0.3,0.6,16,10,0.7,0.4,-0.1,0.5
2025-09-03T14:34:29.835872+00:00,DQN__seed456__adaptpre,0.8678900207182336,1.0,100.0,0.42439936670311634,0.3231051620810744,32.310516208107444,456,interactive,0.6775260416666666,0.1903639790515662,0.4339450103591168,67.75260416666666,43.39450103591168,0.6775260416666666,0.12733663530156666,0.06302734375000021,67.75260416666666,12.733663530156667,6.302734375000021,78.06588686271232,14.67197827625528,7.262134861032407,0.0,0.0,0.1640403909607127,0.05692142418661752,0.5,0.5,0.2535156250000001,0.7,14.166666666666666,14.0,0.075,20.829360497237566,4.333982737896525,,adapt_pre,,,,,,,,,,,,,,,,DQN,0.0,1.0,1.0,1.0,1.0,0.35,0.35,0.1,0.05,0.15,0.3,0.6,16,10,0.7,0.4,-0.1,1.0
2025-09-03T14:34:29.835872+00:00,DQN__seed456__adaptpost,0.8469047984448576,1.0,100.0,0.4472778161448745,0.3404518210408134,34.04518210408134,456,interactive,0.6587673611111112,0.18813743733374105,0.4234523992224288,65.87673611111113,42.345239922242875,0.6587673611111112,0.12594993733374402,0.06218750000000192,65.87673611111113,12.594993733374402,6.218750000000192,77.78529089937659,14.87179403930898,7.342915061314416,0.0,0.0,0.1600783967669332,0.05692142418661752,0.5,0.5,0.24791666666666246,0.7,17.942857142857143,18.0,0.4375,20.325715162676488,4.9685524367197695,,adapt_post,,,,,,,,,,,,,,,,DQN,0.0,1.0,1.0,1.0,1.0,0.35,0.35,0.1,0.05,0.15,0.3,0.6,16,10,0.7,0.4,-0.1,1.0
2025-09-03T14:34:29.835872+00:00,DQN__seed789__base,0.8987520953763459,1.0,100.0,0.38635373620916297,0.2925305178108465,29.25305178108465,789,interactive,0.7055856481481494,0.19316644722819198,0.44937604768817296,70.55856481481494,44.937604768817295,0.7055856481481494,0.12953537083930206,0.06363107638888779,70.55856481481494,12.953537083930206,6.3631076388887795,78.50726043122,14.412803208548963,7.07993636023104,0.0,0.0,0.1703224924970994,0.056921424186617386,0.5,0.5,0.2575405092592598,0.7,22.53061224489796,23.0,0.16333333333333333,21.570050289032125,3.9256948273322405,,base,0.916736557916155,0.9167365579161586,0.9459056975964559,0.9459056975964524,,,,,,,,,,,,DQN,0.0,1.0,1.0,1.0,1.0,0.35,0.35,0.1,0.05,0.15,0.3,0.6,16,10,0.7,0.4,-0.1,1.0
2025-09-03T14:34:29.835872+00:00,DQN__seed789__scalesmall,0.8239189023352432,1.0,100.0,0.4447610962179974,0.343659447110197,34.3659447110197,789,interactive,0.6372013888888891,0.1867175134463557,0.4119594511676216,63.72013888888891,41.19594511676216,0.6372013888888891,0.12629824261301398,0.060419270833331554,63.72013888888891,12.629824261301398,6.041927083333156,77.33787719675664,15.328965296832815,7.333157506410536,0.0,0.0,0.1586889127178659,0.059306066176470634,0.5,0.5,0.23612847222222297,0.7,22.555555555555557,23.0,0.09,19.77405365604575,5.759894149565772,,scalability_small,,,,,,,,,,,,,,,,DQN,0.0,1.0,1.0,1.0,1.0,0.35,0.35,0.1,0.05,0.15,0.3,0.6,16,10,0.7,0.4,-0.1,0.5
2025-09-03T14:34:29.835872+00:00,DQN__seed789__adaptpre,0.9190620551814775,1.0,100.0,0.40286560685556,0.29783955988009203,29.783955988009204,789,interactive,0.7212586805555554,0.19780337462592207,0.45953102759073877,72.12586805555554,45.95310275907388,0.7212586805555554,0.13313215066758863,0.06467122395833366,72.12586805555554,13.313215066758863,6.467122395833366,78.47769108617328,14.485654142396335,7.036654771430391,0.0,0.0,0.18059900629220454,0.05692142418661752,0.5,0.5,0.264474826388889,0.7,22.5,23.5,0.225,22.05748932435543,4.0424369554273945,,adapt_pre,,,,,,,,,,,,,,,,DQN,0.0,1.0,1.0,1.0,1.0,0.35,0.35,0.1,0.05,0.15,0.3,0.6,16,10,0.7,0.4,-0.1,1.0
2025-09-03T14:34:29.835872+00:00,DQN__seed789__adaptpost,0.869346034440868,1.0,100.0,0.42002458851289226,0.32058916444291885,32.05891644429188,789,interactive,0.6776822916666667,0.19166374277419504,0.434673017220434,67.76822916666667,43.4673017220434,0.6776822916666667,0.12767502749642018,0.06398871527777966,67.76822916666667,12.767502749642018,6.398871527777966,77.95311243382258,14.68633000420096,7.360557561976458,0.0,0.0,0.1650072258031516,0.05692142418661752,0.5,0.5,0.25992476851851354,0.7,20.448275862068964,20.0,0.3625,20.864304826580724,4.900588283322474,,adapt_post,,,,,,,,,,,,,,,,DQN,0.0,1.0,1.0,1.0,1.0,0.35,0.35,0.1,0.05,0.15,0.3,0.6,16,10,0.7,0.4,-0.1,1.0
2025-09-03T14:34:29.835872+00:00,DQN__AGG,,,,,,,multi,interactive,,,,,,,,,,,,,,,,,,,,,,,,,,20.945557808130413,0.49049932327802703,0.9871598578811045,aggregate,,,,,19.64593981736839,0.17,0.9564631186684762,0.9927467230715422,0.9564631186684664,0.9927467230715442,98.71598578811044,15.847733530669927,0.0,100.0,99.27467230715442,DQN,0.0,1.0,1.0,1.0,1.0,0.35,0.35,0.1,0.05,0.15,0.3,0.6,16,10,0.7,0.4,-0.1,1.0
2025-09-03T14:34:29.835872+00:00,A2C__seed123__base,0.8457632289748312,1.0,100.0,0.43227572364607025,0.33594463741049246,33.594463741049246,123,interactive,0.6578842592592592,0.18787896971557483,0.4228816144874156,65.78842592592592,42.28816144874156,0.6578842592592592,0.12611508082668277,0.06176388888888746,65.78842592592592,12.611508082668276,6.176388888888746,77.7858668621355,14.911393225211503,7.302739912652976,0.0,0.0,0.1605502353181902,0.05692142418661738,0.5,0.5,0.2450925925925929,0.7,5.7407407407407405,5.0,0.18,20.298317495395942,5.360441668507109,,base,1.030034430966505,1.03003443096651,1.0294582966145145,1.0294582966145145,,,,,,,,,,,,A2C,0.0,1.0,1.0,1.0,1.0,0.35,0.35,0.1,0.05,0.15,0.3,0.6,16,10,0.7,0.4,-0.1,1.0
2025-09-03T14:34:29.835872+00:00,A2C__seed123__scalesmall,0.8711652462894842,1.0,100.0,0.45419222664759457,0.34075195979301365,34.07519597930136,123,interactive,0.6801759259259267,0.19098932036356472,0.4355826231447421,68.01759259259266,43.55826231447421,0.6801759259259267,0.12717855647467305,0.06381076388888747,68.01759259259266,12.717855647467305,6.381076388888747,78.07656800164696,14.598671953037456,7.3247600453155846,0.0,0.0,0.16387208946078577,0.05663807189542427,0.5,0.5,0.25873842592592655,0.7,7.545454545454546,5.0,0.18333333333333332,20.907965910947713,4.5835802712466585,,scalability_small,,,,,,,,,,,,,,,,A2C,0.0,1.0,1.0,1.0,1.0,0.35,0.35,0.1,0.05,0.15,0.3,0.6,16,10,0.7,0.4,-0.1,0.5
2025-09-03T14:34:29.835872+00:00,A2C__seed123__adaptpre,0.8537238907912607,1.0,100.0,0.43561224813599686,0.33460214186265946,33.460214186265944,123,interactive,0.665737847222222,0.18798604356903603,0.4268619453956303,66.5737847222222,42.68619453956303,0.665737847222222,0.1265765383607031,0.06140950520833365,66.5737847222222,12.65765383607031,6.140950520833365,77.98046352026002,14.826402274321723,7.193134205418258,0.0,0.0,0.16186868541538815,0.05692142418661752,0.5,0.5,0.2427300347222222,0.7,5.833333333333333,5.0,0.15,20.489373378990177,5.1593915104397485,,adapt_pre,,,,,,,,,,,,,,,,A2C,0.0,1.0,1.0,1.0,1.0,0.35,0.35,0.1,0.05,0.15,0.3,0.6,16,10,0.7,0.4,-0.1,1.0
2025-09-03T14:34:29.835872+00:00,A2C__seed123__adaptpost,0.878873142393087,1.0,100.0,0.40305160054736994,0.3102685771722462,31.026857717224622,123,interactive,0.6852343750000003,0.1936387673930819,0.4394365711965435,68.52343750000003,43.94365711965435,0.6852343750000003,0.1297021354486406,0.06393663194444635,68.52343750000003,12.970213544864059,6.393663194444635,77.96738140548621,14.757776656534768,7.274841937979017,0.0,0.0,0.17079896280949516,0.05692142418661752,0.5,0.5,0.25957754629629143,0.7,6.5,5.0,0.4,21.092955417434005,5.384415066192803,,adapt_post,,,,,,,,,,,,,,,,A2C,0.0,1.0,1.0,1.0,1.0,0.35,0.35,0.1,0.05,0.15,0.3,0.6,16,10,0.7,0.4,-0.1,1.0
2025-09-03T14:34:29.835872+00:00,A2C__seed456__base,0.8664419752020678,1.0,100.0,0.4431162297080739,0.3382410729589005,33.82410729589005,456,interactive,0.6771736111111127,0.18926836409095812,0.4332209876010339,67.71736111111127,43.32209876010339,0.6771736111111127,0.12666159325762197,0.06260677083333215,67.71736111111127,12.666159325762196,6.260677083333214,78.15567925978957,14.618589228445755,7.225731511764691,0.0,0.0,0.1621116994065873,0.056921424186617386,0.5,0.5,0.25071180555555594,0.7,9.444444444444445,9.0,0.09,20.7946074048496,4.59126697220978,,base,0.9307980319039786,0.9307980319039986,0.9654836140386561,0.9654836140386538,,,,,,,,,,,,A2C,0.0,1.0,1.0,1.0,1.0,0.35,0.35,0.1,0.05,0.15,0.3,0.6,16,10,0.7,0.4,-0.1,1.0
2025-09-03T14:34:29.835872+00:00,A2C__seed456__scalesmall,0.8064824852770806,1.0,100.0,0.45808276313998425,0.35642990660427404,35.6429906604274,456,interactive,0.626266203703703,0.1802162815733983,0.4032412426385403,62.626620370370304,40.324124263854024,0.626266203703703,0.11849405935116827,0.061722222222220714,62.626620370370304,11.849405935116827,6.1722222222220715,77.65403652734378,14.692700897336412,7.653262575319802,0.0,0.0,0.1397409194580586,0.05595639297385454,0.5,0.5,0.24481481481481515,0.7,16.682539682539684,21.0,0.21,19.355579646650323,4.8158931846780755,,scalability_small,,,,,,,,,,,,,,,,A2C,0.0,1.0,1.0,1.0,1.0,0.35,0.35,0.1,0.05,0.15,0.3,0.6,16,10,0.7,0.4,-0.1,0.5
2025-09-03T14:34:29.835872+00:00,A2C__seed456__adaptpre,0.8771819491604018,1.0,100.0,0.43647401028877625,0.33349943476815835,33.34994347681584,456,interactive,0.6869270833333337,0.1902548658270678,0.43859097458020097,68.69270833333337,43.859097458020095,0.6869270833333337,0.12704197520206784,0.0632128906250002,68.69270833333337,12.704197520206783,6.3212890625000195,78.31067248828236,14.482967339178213,7.206360172539422,0.0,0.0,0.16319850496214502,0.05692142418661752,0.5,0.5,0.2547526041666668,0.7,9.428571428571429,9.0,0.0875,21.0523667798496,4.186493614229826,,adapt_pre,,,,,,,,,,,,,,,,A2C,0.0,1.0,1.0,1.0,1.0,0.35,0.35,0.1,0.05,0.15,0.3,0.6,16,10,0.7,0.4,-0.1,1.0
2025-09-03T14:34:29.835872+00:00,A2C__seed456__adaptpost,0.8469047984448574,1.0,100.0,0.4848545831095223,0.3632564977999357,36.32564977999357,456,interactive,0.6587673611111112,0.18813743733374103,0.4234523992224287,65.87673611111113,42.345239922242875,0.6587673611111112,0.12594993733374402,0.06218750000000192,65.87673611111113,12.594993733374402,6.218750000000192,77.78529089937659,14.87179403930898,7.342915061314416,0.0,0.0,0.16007839676693317,0.05692142418661752,0.5,0.5,0.24791666666666246,0.7,16.285714285714285,21.0,0.4375,20.325715162676488,4.96855243671977,,adapt_post,,,,,,,,,,,,,,,,A2C,0.0,1.0,1.0,1.0,1.0,0.35,0.35,0.1,0.05,0.15,0.3,0.6,16,10,0.7,0.4,-0.1,1.0
2025-09-03T14:34:29.835872+00:00,A2C__seed789__base,0.904408934204702,1.0,100.0,0.3793024520837662,0.2885688665810842,28.856886658108422,789,interactive,0.7097291666666679,0.19467976753802763,0.452204467102351,70.97291666666679,45.2204467102351,0.7097291666666679,0.1306120592046932,0.06406770833333217,70.97291666666679,13.061205920469321,6.4067708333332165,78.47436483926154,14.441703776350801,7.083931384387656,0.0,0.0,0.1733987449696457,0.056921424186617386,0.5,0.5,0.2604513888888894,0.7,22.67924528301887,24.0,0.17666666666666667,21.70581442091262,3.995616516979022,,base,0.9110026130599449,0.9110026130599505,0.9570371277583583,0.9570371277583549,,,,,,,,,,,,A2C,0.0,1.0,1.0,1.0,1.0,0.35,0.35,0.1,0.05,0.15,0.3,0.6,16,10,0.7,0.4,-0.1,1.0
2025-09-03T14:34:29.835872+00:00,A2C__seed789__scalesmall,0.8239189023352433,1.0,100.0,0.41375124719158024,0.32452582062236285,32.45258206223628,789,interactive,0.6372013888888891,0.1867175134463557,0.41195945116762167,63.72013888888891,41.19594511676217,0.6372013888888891,0.12629824261301398,0.06041927083333154,63.72013888888891,12.629824261301398,6.041927083333154,77.33787719675664,15.328965296832815,7.333157506410534,0.0,0.0,0.1586889127178659,0.059306066176470634,0.5,0.5,0.23612847222222297,0.7,20.666666666666668,18.0,0.09,19.77405365604575,5.759894149565773,,scalability_small,,,,,,,,,,,,,,,,A2C,0.0,1.0,1.0,1.0,1.0,0.35,0.35,0.1,0.05,0.15,0.3,0.6,16,10,0.7,0.4,-0.1,0.5
2025-09-03T14:34:29.835872+00:00,A2C__seed789__adaptpre,0.9083723182998275,1.0,100.0,0.3837586577750924,0.2906224552806789,29.062245528067894,789,interactive,0.712977430555555,0.19539488774427166,0.4541861591499138,71.2977430555555,45.41861591499138,0.712977430555555,0.13159280441093857,0.06380208333333365,71.2977430555555,13.159280441093857,6.380208333333365,78.48955942316837,14.486659463295492,7.02378111353614,0.0,0.0,0.17620087413034646,0.05692142418661752,0.5,0.5,0.2586805555555556,0.7,22.125,24.0,0.2,21.80093563919582,4.136385011372845,,adapt_pre,,,,,,,,,,,,,,,,A2C,0.0,1.0,1.0,1.0,1.0,0.35,0.35,0.1,0.05,0.15,0.3,0.6,16,10,0.7,0.4,-0.1,1.0
2025-09-03T14:34:29.835872+00:00,A2C__seed789__adaptpost,0.869346034440868,1.0,100.0,0.4197771247378261,0.32094908881022144,32.09490888102214,789,interactive,0.6776822916666667,0.191663742774195,0.434673017220434,67.76822916666667,43.4673017220434,0.6776822916666667,0.12767502749642018,0.06398871527777968,67.76822916666667,12.767502749642018,6.398871527777968,77.95311243382258,14.686330004200956,7.360557561976458,0.0,0.0,0.16500722580315164,0.05692142418661752,0.5,0.5,0.25992476851851354,0.7,11.10344827586207,7.0,0.3625,20.864304826580724,4.900588283322476,,adapt_post,,,,,,,,,,,,,,,,A2C,0.0,1.0,1.0,1.0,1.0,0.35,0.35,0.1,0.05,0.15,0.3,0.6,16,10,0.7,0.4,-0.1,1.0
2025-09-03T14:34:29.835872+00:00,A2C__AGG,,,,,,,multi,interactive,,,,,,,,,,,,,,,,,,,,,,,,,,20.932913107052723,0.5828711974819991,0.9865639157040975,aggregate,,,,,12.621476822734685,0.14888888888888888,0.9572783586434864,0.9839930128038411,0.9572783586434762,0.9839930128038429,98.65639157040975,0.0,35.755291220141004,100.0,98.3993012803843,A2C,0.0,1.0,1.0,1.0,1.0,0.35,0.35,0.1,0.05,0.15,0.3,0.6,16,10,0.7,0.4,-0.1,1.0
2025-09-03T14:34:29.835872+00:00,PPO__seed123__base,0.8615495241414313,1.0,100.0,0.4284455936455618,0.3359845535734682,33.598455357346815,123,interactive,0.6718958333333342,0.18965369080809907,0.43077476207071563,67.18958333333343,43.07747620707156,0.6718958333333342,0.12749483664143,0.06215885416666562,67.18958333333343,12.749483664143,6.215885416666562,77.98690783363922,14.79831780633666,7.21477436002411,0.0,0.0,0.16449239478889435,0.056921424186617386,0.5,0.5,0.24772569444444495,0.7,10.63265306122449,10.0,0.16333333333333333,20.677188579394308,5.261744497245101,,base,1.0111609627521243,1.0111609627521307,1.0539054562391656,1.0539054562391663,,,,,,,,,,,,PPO,0.0,1.0,1.0,1.0,1.0,0.35,0.35,0.1,0.05,0.15,0.3,0.6,16,10,0.7,0.4,-0.1,1.0
2025-09-03T14:34:29.835872+00:00,PPO__seed123__scalesmall,0.8711652462894842,1.0,100.0,0.4377443125340358,0.3341159873040513,33.41159873040513,123,interactive,0.6801759259259267,0.19098932036356475,0.4355826231447421,68.01759259259266,43.55826231447421,0.6801759259259267,0.12717855647467305,0.06381076388888747,68.01759259259266,12.717855647467305,6.381076388888747,78.07656800164696,14.598671953037456,7.3247600453155846,0.0,0.0,0.1638720894607858,0.05663807189542427,0.5,0.5,0.25873842592592655,0.7,11.781818181818181,10.0,0.18333333333333332,20.907965910947713,4.583580271246658,,scalability_small,,,,,,,,,,,,,,,,PPO,0.0,1.0,1.0,1.0,1.0,0.35,0.35,0.1,0.05,0.15,0.3,0.6,16,10,0.7,0.4,-0.1,0.5
2025-09-03T14:34:29.835872+00:00,PPO__seed123__adaptpre,0.8339202887603628,1.0,100.0,0.4504856243285751,0.3563369918491173,35.633699184911734,123,interactive,0.6489322916666661,0.18498799709369296,0.4169601443801815,64.89322916666661,41.696014438018146,0.6489322916666661,0.12513448146869396,0.059853515625000436,64.89322916666661,12.513448146869397,5.9853515625000435,77.81706482178497,15.005568656293148,7.177366521921886,0.0,0.0,0.1577485228667901,0.05692142418661752,0.5,0.5,0.23235677083333342,0.7,10.666666666666666,10.0,0.15,20.014086930248617,6.132549027142302,,adapt_pre,,,,,,,,,,,,,,,,PPO,0.0,1.0,1.0,1.0,1.0,0.35,0.35,0.1,0.05,0.15,0.3,0.6,16,10,0.7,0.4,-0.1,1.0
2025-09-03T14:34:29.835872+00:00,PPO__seed123__adaptpost,0.8788731423930869,1.0,100.0,0.43888906793533833,0.3358589456211969,33.58589456211969,123,interactive,0.6852343750000003,0.19363876739308183,0.43943657119654345,68.52343750000003,43.94365711965435,0.6852343750000003,0.1297021354486406,0.06393663194444635,68.52343750000003,12.970213544864059,6.393663194444635,77.96738140548621,14.757776656534768,7.274841937979017,0.0,0.0,0.17079896280949522,0.056921424186617525,0.5,0.5,0.2595775462962914,0.7,7.9375,7.0,0.4,21.092955417434005,5.384415066192805,,adapt_post,,,,,,,,,,,,,,,,PPO,0.0,1.0,1.0,1.0,1.0,0.35,0.35,0.1,0.05,0.15,0.3,0.6,16,10,0.7,0.4,-0.1,1.0
2025-09-03T14:34:29.835872+00:00,PPO__seed456__base,0.8832025977721533,1.0,100.0,0.4272844639903485,0.3263124070509788,32.63124070509788,456,interactive,0.6913379629629655,0.19186463480918967,0.44160129888607663,69.13379629629655,44.16012988860766,0.6913379629629655,0.1287561278647435,0.06310850694444352,69.13379629629655,12.875612786474349,6.310850694444352,78.27626013633126,14.57832304722906,7.145416816439683,0.0,0.0,0.1680960839983616,0.056921424186617386,0.5,0.5,0.25405671296296356,0.7,20.743589743589745,21.0,0.13,21.196862346531613,4.562768997185046,,base,0.9131341860988673,0.9131341860988886,0.9863252947715135,0.9863252947715115,,,,,,,,,,,,PPO,0.0,1.0,1.0,1.0,1.0,0.35,0.35,0.1,0.05,0.15,0.3,0.6,16,10,0.7,0.4,-0.1,1.0
2025-09-03T14:34:29.835872+00:00,PPO__seed456__scalesmall,0.8064824852770804,1.0,100.0,0.4639440746698059,0.3628338973890756,36.28338973890756,456,interactive,0.626266203703703,0.18021628157339836,0.4032412426385402,62.626620370370304,40.324124263854024,0.626266203703703,0.11849405935116823,0.0617222222222207,62.626620370370304,11.849405935116824,6.17222222222207,77.65403652734379,14.692700897336405,7.653262575319801,0.0,0.0,0.1397409194580586,0.05595639297385454,0.5,0.5,0.24481481481481515,0.7,17.77777777777778,16.0,0.21,19.355579646650323,4.815893184678076,,scalability_small,,,,,,,,,,,,,,,,PPO,0.0,1.0,1.0,1.0,1.0,0.35,0.35,0.1,0.05,0.15,0.3,0.6,16,10,0.7,0.4,-0.1,0.5
2025-09-03T14:34:29.835872+00:00,PPO__seed456__adaptpre,0.8586465367301025,1.0,100.0,0.43543820659402493,0.33492452761855235,33.49245276185523,456,interactive,0.6699131944444443,0.18873334228565658,0.42932326836505125,66.99131944444443,42.932326836505126,0.6699131944444443,0.12601198811899056,0.06272135416666703,66.99131944444443,12.601198811899057,6.272135416666703,78.01967000246785,14.675653220342502,7.30467677718966,0.0,0.0,0.16025568472478055,0.05692142418661752,0.5,0.5,0.25147569444444456,0.7,21.0,21.0,0.05,20.607516881522404,4.269843755230653,,adapt_pre,,,,,,,,,,,,,,,,PPO,0.0,1.0,1.0,1.0,1.0,0.35,0.35,0.1,0.05,0.15,0.3,0.6,16,10,0.7,0.4,-0.1,1.0
2025-09-03T14:34:29.835872+00:00,PPO__seed456__adaptpost,0.8469047984448576,1.0,100.0,0.4764553870600556,0.3579396579570995,35.79396579570995,456,interactive,0.6587673611111111,0.18813743733374103,0.4234523992224288,65.87673611111111,42.345239922242875,0.6587673611111111,0.12594993733374402,0.062187500000001915,65.87673611111111,12.594993733374402,6.218750000000192,77.78529089937659,14.871794039308984,7.342915061314416,0.0,0.0,0.16007839676693317,0.05692142418661752,0.5,0.5,0.24791666666666246,0.7,17.17142857142857,15.0,0.4375,20.325715162676484,4.9685524367197695,,adapt_post,,,,,,,,,,,,,,,,PPO,0.0,1.0,1.0,1.0,1.0,0.35,0.35,0.1,0.05,0.15,0.3,0.6,16,10,0.7,0.4,-0.1,1.0
2025-09-03T14:34:29.835872+00:00,PPO__seed789__base,0.9074978709458842,1.0,100.0,0.4001438776771727,0.303051120522549,30.305112052254902,789,interactive,0.7125254629629647,0.19497240798291648,0.4537489354729421,71.25254629629647,45.37489354729421,0.7125254629629647,0.1314055677051368,0.0635668402777767,71.25254629629647,13.140556770513681,6.35668402777767,78.51538673256663,14.479986335193686,7.004626932239683,0.0,0.0,0.1756659121137691,0.056921424186617386,0.5,0.5,0.2571122685185188,0.7,10.271186440677965,9.0,0.19666666666666666,21.77994890270104,4.149832772986955,,base,0.9079017468949799,0.9079017468949834,0.9679639323036281,0.9679639323036241,,,,,,,,,,,,PPO,0.0,1.0,1.0,1.0,1.0,0.35,0.35,0.1,0.05,0.15,0.3,0.6,16,10,0.7,0.4,-0.1,1.0
2025-09-03T14:34:29.835872+00:00,PPO__seed789__scalesmall,0.8239189023352433,1.0,100.0,0.4483235281352124,0.35442989290081817,35.44298929008182,789,interactive,0.6372013888888891,0.1867175134463557,0.41195945116762167,63.72013888888891,41.19594511676217,0.6372013888888891,0.12629824261301398,0.06041927083333156,63.72013888888891,12.629824261301398,6.041927083333156,77.33787719675664,15.328965296832815,7.3331575064105365,0.0,0.0,0.1586889127178659,0.059306066176470634,0.5,0.5,0.23612847222222297,0.7,10.851851851851851,10.0,0.09,19.77405365604575,5.759894149565771,,scalability_small,,,,,,,,,,,,,,,,PPO,0.0,1.0,1.0,1.0,1.0,0.35,0.35,0.1,0.05,0.15,0.3,0.6,16,10,0.7,0.4,-0.1,0.5
2025-09-03T14:34:29.835872+00:00,PPO__seed789__adaptpre,0.8981182102229135,1.0,100.0,0.4084001468340755,0.3099736492860549,30.997364928605492,789,interactive,0.7034982638888886,0.1946199463340249,0.44905910511145675,70.34982638888886,44.90591051114568,0.7034982638888886,0.13043700362569177,0.06418294270833369,70.34982638888886,13.043700362569178,6.4182942708333695,78.33025273079357,14.523366984543957,7.146380284662461,0.0,0.0,0.17289858617249912,0.05692142418661751,0.5,0.5,0.26121961805555577,0.7,9.0625,9.0,0.2,21.554837045349906,4.370695590956327,,adapt_pre,,,,,,,,,,,,,,,,PPO,0.0,1.0,1.0,1.0,1.0,0.35,0.35,0.1,0.05,0.15,0.3,0.6,16,10,0.7,0.4,-0.1,1.0
2025-09-03T14:34:29.835872+00:00,PPO__seed789__adaptpost,0.8693460344408679,1.0,100.0,0.4308167291730608,0.33011195126018245,33.011195126018244,789,interactive,0.6776822916666667,0.191663742774195,0.43467301722043394,67.76822916666667,43.467301722043395,0.6776822916666667,0.12767502749642018,0.06398871527777968,67.76822916666667,12.767502749642018,6.398871527777968,77.95311243382258,14.686330004200956,7.360557561976458,0.0,0.0,0.1650072258031517,0.05692142418661751,0.5,0.5,0.25992476851851354,0.7,13.827586206896552,10.0,0.3625,20.864304826580724,4.900588283322474,,adapt_post,,,,,,,,,,,,,,,,PPO,0.0,1.0,1.0,1.0,1.0,0.35,0.35,0.1,0.05,0.15,0.3,0.6,16,10,0.7,0.4,-0.1,1.0
2025-09-03T14:34:29.835872+00:00,PPO__AGG,,,,,,,multi,interactive,,,,,,,,,,,,,,,,,,,,,,,,,,21.217999942875654,0.45044805926935677,1.0,aggregate,,,,,13.882476415164065,0.16333333333333333,0.9440656319153343,1.0027315611047674,0.9440656319153238,1.0027315611047691,100.0,22.719108232609486,29.336664246059726,100.0,100.0,PPO,0.0,1.0,1.0,1.0,1.0,0.35,0.35,0.1,0.05,0.15,0.3,0.6,16,10,0.7,0.4,-0.1,1.0
